player_name,gb_actual_BA_23,gb_xBA_23,gb_luck_23,gb_count_23,gb_actual_BA_22,gb_xBA_22,gb_luck_22,gb_count_22,gb_luck_increase,ld_actual_BA_23,ld_xBA_23,ld_luck_23,ld_count_23,ld_actual_BA_22,ld_xBA_22,ld_luck_22,ld_count_22,ld_luck_increase,total_luck_increase
"Abreu, José",0.268,0.22,0.048,71,0.179,0.279,-0.1,67,0.14800000000000002,0.5,0.594,-0.094,38,0.72,0.691,0.029,25,-0.123,0.06305970149253734
"Adames, Willy",0.125,0.206,-0.081,56,0.188,0.222,-0.034,32,-0.047,0.731,0.676,0.054,26,0.579,0.615,-0.036,19,0.09,-0.0006466165413533849
"Aguilar, Jesús",0.231,0.187,0.044,26,0.297,0.234,0.063,37,-0.019000000000000003,0.579,0.593,-0.014,19,0.727,0.644,0.084,33,-0.098,-0.054721739130434786
"Albies, Ozzie",0.203,0.226,-0.023,74,0.27,0.257,0.013,63,-0.036,0.524,0.57,-0.046,42,0.583,0.565,0.019,36,-0.065,-0.04652093023255814
"Alonso, Pete",0.169,0.22,-0.05,59,0.2,0.275,-0.075,55,0.024999999999999994,0.562,0.656,-0.094,32,0.684,0.647,0.037,38,-0.131,-0.03434782608695653
"Alvarez, Yordan",0.208,0.254,-0.046,48,0.115,0.263,-0.148,52,0.102,0.714,0.712,0.002,28,0.63,0.635,-0.005,27,0.007,0.06829032258064516
"Anderson, Brian",0.2,0.227,-0.027,65,0.133,0.234,-0.1,30,0.07300000000000001,0.667,0.632,0.035,24,0.842,0.781,0.061,19,-0.025999999999999995,0.04215217391304349
"Anderson, Tim",0.253,0.248,0.005,79,0.297,0.204,0.093,74,-0.088,0.594,0.652,-0.058,32,0.725,0.633,0.092,40,-0.15,-0.10783999999999999
"Andrus, Elvis",0.194,0.211,-0.017,62,0.157,0.209,-0.052,51,0.034999999999999996,0.55,0.606,-0.056,20,0.667,0.602,0.065,30,-0.121,-0.012852760736196324
"Arenado, Nolan",0.179,0.236,-0.057,67,0.229,0.241,-0.012,35,-0.045,0.769,0.683,0.086,39,0.634,0.578,0.056,41,0.029999999999999992,-0.012032967032967036
"Arozarena, Randy",0.426,0.237,0.189,61,0.257,0.217,0.04,70,0.149,0.613,0.621,-0.008,31,0.733,0.661,0.073,30,-0.08099999999999999,0.07592708333333334
"Arraez, Luis",0.342,0.261,0.08,79,0.267,0.258,0.008,60,0.07200000000000001,0.661,0.62,0.041,56,0.879,0.626,0.253,33,-0.212,-0.038859649122807004
"Bell, Josh",0.195,0.257,-0.062,82,0.263,0.238,0.025,76,-0.087,0.6,0.66,-0.06,25,0.634,0.62,0.014,41,-0.074,-0.08316964285714286
"Bellinger, Cody",0.195,0.214,-0.018,41,0.256,0.316,-0.06,39,0.041999999999999996,0.643,0.591,0.052,28,0.704,0.635,0.069,27,-0.017000000000000008,0.017962962962962955
"Belt, Brandon",0.423,0.295,0.128,26,0.25,0.283,-0.033,24,0.161,0.611,0.534,0.077,18,0.625,0.64,-0.015,16,0.092,0.13307142857142856
"Benintendi, Andrew",0.221,0.231,-0.01,77,0.348,0.24,0.107,69,-0.11699999999999999,0.674,0.583,0.091,46,0.667,0.573,0.093,36,-0.0020000000000000018,-0.07564035087719298
"Bethancourt, Christian",0.222,0.242,-0.02,36,0.238,0.285,-0.047,42,0.027,0.824,0.617,0.206,17,0.667,0.649,0.017,15,0.189,0.07412727272727272
"Betts, Mookie",0.157,0.227,-0.07,51,0.222,0.255,-0.033,54,-0.037000000000000005,0.636,0.628,0.009,44,0.75,0.62,0.13,32,-0.12100000000000001,-0.0722707182320442
"Bichette, Bo",0.217,0.236,-0.019,92,0.208,0.246,-0.038,72,0.019,0.683,0.663,0.019,63,0.667,0.678,-0.011,39,0.03,0.023218045112781954
"Blackmon, Charlie",0.255,0.23,0.026,47,0.113,0.237,-0.124,71,0.15,0.646,0.59,0.055,48,0.786,0.682,0.104,28,-0.048999999999999995,0.07204123711340206
"Bogaerts, Xander",0.256,0.2,0.056,82,0.417,0.23,0.186,60,-0.13,0.688,0.627,0.06,32,0.641,0.644,-0.003,39,0.063,-0.06566666666666668
"Bohm, Alec",0.278,0.248,0.03,72,0.274,0.238,0.036,62,-0.005999999999999998,0.575,0.603,-0.028,40,0.5,0.617,-0.117,48,0.08900000000000001,0.03165765765765766
"Bregman, Alex",0.224,0.216,0.008,58,0.152,0.223,-0.071,46,0.07899999999999999,0.605,0.591,0.013,43,0.667,0.65,0.017,33,-0.004000000000000002,0.04395555555555554
"Buxton, Byron",0.233,0.229,0.003,43,0.2,0.228,-0.028,30,0.031,0.714,0.622,0.092,28,0.529,0.696,-0.167,17,0.259,0.11794915254237287
"Báez, Javier",0.182,0.193,-0.011,77,0.246,0.206,0.039,57,-0.05,0.719,0.65,0.069,32,0.591,0.568,0.023,22,0.046000000000000006,-0.022425531914893618
"Cabrera, Miguel",0.171,0.219,-0.049,41,0.235,0.238,-0.003,51,-0.046,0.647,0.627,0.02,17,0.8,0.671,0.129,30,-0.109,-0.06730215827338129
"Candelario, Jeimer",0.271,0.24,0.032,59,0.167,0.207,-0.041,48,0.07300000000000001,0.658,0.615,0.043,38,0.515,0.605,-0.089,33,0.132,0.09653370786516854
"Canha, Mark",0.185,0.207,-0.022,54,0.365,0.235,0.13,52,-0.152,0.714,0.602,0.113,28,0.583,0.6,-0.017,24,0.13,-0.059189873417721514
"Carlson, Dylan",0.216,0.245,-0.029,37,0.183,0.207,-0.024,60,-0.005000000000000001,0.688,0.62,0.068,16,0.72,0.566,0.154,25,-0.086,-0.029065217391304344
"Castellanos, Nick",0.292,0.261,0.031,72,0.236,0.269,-0.032,55,0.063,0.825,0.685,0.14,40,0.667,0.646,0.021,33,0.11900000000000001,0.08344
"Castro, Harold",0.244,0.25,-0.007,41,0.25,0.214,0.036,28,-0.043,0.72,0.668,0.052,25,0.65,0.696,-0.046,20,0.098,0.012657894736842111
"Castro, Willi",0.25,0.227,0.023,28,0.242,0.249,-0.007,33,0.03,0.722,0.703,0.019,18,0.562,0.736,-0.174,16,0.19299999999999998,0.08833684210526316
"Chapman, Matt",0.46,0.248,0.212,50,0.279,0.273,0.006,43,0.206,0.65,0.683,-0.033,40,0.619,0.651,-0.032,21,-0.0010000000000000009,0.12400649350649351
"Chisholm Jr., Jazz",0.25,0.216,0.034,48,0.308,0.253,0.055,39,-0.020999999999999998,0.737,0.656,0.081,19,0.652,0.654,-0.002,23,0.083,0.012860465116279075
"Contreras, Willson",0.167,0.252,-0.085,72,0.241,0.26,-0.019,54,-0.066,0.704,0.645,0.058,27,0.789,0.678,0.111,19,-0.053,-0.06252325581395349
"Cooper, Garrett",0.2,0.237,-0.037,40,0.25,0.261,-0.011,48,-0.026,0.594,0.594,-0.0,32,0.676,0.657,0.02,34,-0.02,-0.023428571428571427
"Correa, Carlos",0.219,0.245,-0.027,64,0.309,0.292,0.017,55,-0.044,0.594,0.614,-0.02,32,0.68,0.661,0.019,25,-0.039,-0.04238068181818182
"Crawford, J.P.",0.214,0.263,-0.049,56,0.31,0.209,0.102,58,-0.151,0.69,0.687,0.003,42,0.625,0.666,-0.041,40,0.044000000000000004,-0.06941836734693876
"Cron, C.J.",0.15,0.229,-0.079,40,0.288,0.263,0.026,52,-0.105,0.76,0.714,0.046,25,0.743,0.651,0.092,35,-0.046,-0.08171052631578947
"Cronenworth, Jake",0.174,0.209,-0.035,46,0.228,0.256,-0.028,57,-0.007000000000000003,0.537,0.598,-0.061,41,0.615,0.532,0.084,26,-0.14500000000000002,-0.06138823529411765
"Cruz, Nelson",0.25,0.264,-0.014,28,0.239,0.225,0.014,67,-0.028,0.682,0.638,0.043,22,0.581,0.592,-0.011,31,0.05399999999999999,0.0013648648648648606
"Davis, J.D.",0.211,0.266,-0.055,57,0.385,0.308,0.077,26,-0.132,0.743,0.721,0.022,35,0.4,0.682,-0.282,15,0.304,0.03190977443609022
"Devers, Rafael",0.156,0.254,-0.098,64,0.268,0.267,0.0,71,-0.098,0.719,0.719,-0.0,32,0.75,0.661,0.089,44,-0.089,-0.09475829383886256
"Drury, Brandon",0.259,0.24,0.019,54,0.163,0.263,-0.1,43,0.11900000000000001,0.606,0.65,-0.044,33,0.64,0.626,0.014,25,-0.057999999999999996,0.052767741935483885
"Díaz, Aledmys",0.18,0.193,-0.013,50,0.258,0.228,0.03,31,-0.043,0.538,0.528,0.01,26,0.4,0.544,-0.144,25,0.154,0.03311363636363636
"Díaz, Elias",0.328,0.259,0.07,67,0.14,0.231,-0.092,43,0.162,0.579,0.598,-0.019,38,0.636,0.651,-0.014,22,-0.004999999999999999,0.10305882352941177
"Díaz, Yandy",0.312,0.29,0.023,64,0.242,0.237,0.006,66,0.017,0.706,0.703,0.003,34,0.6,0.627,-0.027,25,0.03,0.021058201058201057
"Edman, Tommy",0.286,0.254,0.032,77,0.291,0.259,0.032,79,0.0,0.533,0.613,-0.08,30,0.733,0.719,0.015,30,-0.095,-0.02638888888888889
"Escobar, Eduardo",0.143,0.228,-0.085,35,0.244,0.229,0.015,41,-0.1,0.556,0.594,-0.039,18,0.556,0.544,0.012,36,-0.051000000000000004,-0.07964615384615385
"Estrada, Thairo",0.348,0.22,0.128,69,0.229,0.211,0.018,83,0.11,0.658,0.649,0.009,38,0.655,0.601,0.055,29,-0.046,0.06227397260273972
"Farmer, Kyle",0.4,0.276,0.124,30,0.203,0.237,-0.033,59,0.157,0.529,0.635,-0.106,17,0.613,0.586,0.026,31,-0.132,0.055744525547445245
"Flores, Wilmer",0.333,0.284,0.05,33,0.263,0.255,0.008,57,0.042,0.526,0.512,0.014,19,0.481,0.56,-0.079,27,0.093,0.059250000000000004
"France, Ty",0.184,0.213,-0.029,76,0.321,0.252,0.069,84,-0.098,0.646,0.689,-0.044,48,0.633,0.653,-0.02,49,-0.023999999999999997,-0.07007003891050584
"Franco, Wander",0.185,0.204,-0.019,92,0.16,0.219,-0.059,75,0.039999999999999994,0.755,0.644,0.111,49,0.625,0.649,-0.024,48,0.135,0.07490530303030303
"Frazier, Adam",0.152,0.231,-0.08,66,0.219,0.23,-0.012,64,-0.068,0.6,0.592,0.008,40,0.529,0.559,-0.029,51,0.037000000000000005,-0.02476470588235294
"Freeman, Freddie",0.22,0.256,-0.035,59,0.268,0.258,0.01,56,-0.045000000000000005,0.645,0.654,-0.009,62,0.617,0.594,0.023,47,-0.032,-0.03867410714285714
"García, Adolis",0.258,0.267,-0.009,62,0.255,0.251,0.004,47,-0.013,0.667,0.687,-0.021,27,0.5,0.59,-0.09,32,0.06899999999999999,0.01579761904761904
"Giménez, Andrés",0.205,0.211,-0.006,78,0.31,0.2,0.11,42,-0.116,0.594,0.529,0.065,32,0.696,0.702,-0.006,23,0.07100000000000001,-0.057228571428571434
"Goldschmidt, Paul",0.333,0.293,0.04,60,0.385,0.245,0.139,52,-0.099,0.703,0.716,-0.013,37,0.75,0.59,0.16,32,-0.17300000000000001,-0.12720994475138123
"Gordon, Nick",0.079,0.215,-0.136,38,0.265,0.25,0.015,34,-0.15100000000000002,0.529,0.546,-0.017,17,0.737,0.674,0.063,19,-0.08,-0.12733333333333335
"Grandal, Yasmani",0.234,0.259,-0.025,47,0.2,0.238,-0.038,50,0.012999999999999998,0.667,0.601,0.066,33,0.5,0.644,-0.144,26,0.21,0.08750641025641025
"Grichuk, Randal",0.464,0.257,0.207,28,0.31,0.255,0.055,58,0.152,0.63,0.633,-0.003,27,0.765,0.6,0.164,17,-0.167,0.044030769230769214
"Grisham, Trent",0.263,0.252,0.011,38,0.118,0.197,-0.08,51,0.091,0.708,0.622,0.087,24,0.7,0.665,0.035,20,0.05199999999999999,0.07809774436090225
"Grossman, Robbie",0.293,0.237,0.056,41,0.273,0.246,0.027,33,0.029,0.621,0.648,-0.027,29,0.762,0.66,0.102,21,-0.129,-0.03470967741935484
"Guerrero Jr., Vladimir",0.311,0.266,0.044,74,0.203,0.218,-0.015,69,0.059,0.659,0.69,-0.031,44,0.6,0.698,-0.098,35,0.067,0.06184684684684684
"Gurriel Jr., Lourdes",0.239,0.221,0.018,71,0.308,0.275,0.032,52,-0.014000000000000002,0.614,0.613,0.001,44,0.708,0.665,0.043,24,-0.041999999999999996,-0.023968586387434553
"Gurriel, Yuli",0.349,0.24,0.109,43,0.236,0.22,0.017,55,0.092,0.655,0.562,0.093,29,0.613,0.571,0.042,31,0.051,0.07643037974683545
"Harper, Bryce",0.345,0.22,0.125,29,0.156,0.238,-0.083,45,0.20800000000000002,0.812,0.715,0.097,16,0.694,0.631,0.063,49,0.034,0.12663309352517987
"Hayes, Ke'Bryan",0.296,0.285,0.011,71,0.356,0.249,0.107,59,-0.096,0.457,0.625,-0.168,35,0.611,0.625,-0.014,36,-0.154,-0.11648756218905473
"Hays, Austin",0.339,0.28,0.059,59,0.328,0.241,0.087,64,-0.027999999999999997,0.724,0.648,0.076,29,0.588,0.599,-0.011,34,0.087,0.010951612903225806
"Hedges, Austin",0.156,0.24,-0.083,32,0.107,0.206,-0.099,28,0.016,0.389,0.622,-0.233,18,0.562,0.62,-0.057,16,-0.17600000000000002,-0.053446808510638315
"Heim, Jonah",0.25,0.278,-0.028,48,0.265,0.226,0.039,34,-0.067,0.658,0.618,0.04,38,0.579,0.612,-0.033,19,0.07300000000000001,-0.009589928057553956
"Hernández, Enrique",0.204,0.201,0.003,49,0.196,0.245,-0.049,56,0.052000000000000005,0.676,0.633,0.043,34,0.562,0.59,-0.027,32,0.06999999999999999,0.05894736842105262
"Hoerner, Nico",0.235,0.219,0.016,85,0.26,0.244,0.016,50,0.0,0.604,0.631,-0.027,48,0.68,0.685,-0.005,25,-0.022,-0.0077211538461538455
"Joe, Connor",0.171,0.209,-0.038,41,0.222,0.211,0.011,63,-0.049,0.69,0.614,0.075,29,0.667,0.584,0.083,36,-0.008000000000000007,-0.03323076923076924
"Judge, Aaron",0.312,0.325,-0.013,32,0.273,0.264,0.009,55,-0.022,0.593,0.615,-0.022,27,0.739,0.712,0.027,23,-0.049,-0.03185401459854015
"Kemp, Tony",0.125,0.224,-0.099,64,0.281,0.201,0.08,57,-0.179,0.524,0.62,-0.096,21,0.643,0.642,0.001,28,-0.097,-0.15536470588235293
"Kepler, Max",0.171,0.249,-0.077,35,0.173,0.252,-0.079,52,0.0020000000000000018,0.5,0.491,0.009,18,0.6,0.631,-0.031,30,0.04,0.015511111111111113
"Kiermaier, Kevin",0.283,0.265,0.019,60,0.209,0.236,-0.026,43,0.045,0.72,0.675,0.045,25,0.8,0.752,0.048,20,-0.0030000000000000027,0.030405405405405404
"Kim, Ha-Seong",0.233,0.212,0.021,43,0.22,0.209,0.01,41,0.011000000000000001,0.677,0.618,0.059,31,0.571,0.609,-0.038,28,0.097,0.046482517482517485
"Kiner-Falefa, Isiah",0.295,0.219,0.076,44,0.232,0.252,-0.02,69,0.096,0.391,0.572,-0.181,23,0.618,0.638,-0.021,34,-0.16,0.010164705882352937
"Kirk, Alejandro",0.23,0.185,0.044,61,0.321,0.257,0.064,56,-0.020000000000000004,0.593,0.63,-0.037,27,0.577,0.671,-0.094,26,0.057,0.004005882352941173
"Kwan, Steven",0.275,0.247,0.028,91,0.278,0.246,0.032,54,-0.004,0.5,0.607,-0.107,50,0.429,0.532,-0.104,21,-0.0030000000000000027,-0.003671296296296297
"LeMahieu, DJ",0.236,0.246,-0.01,72,0.236,0.254,-0.018,72,0.007999999999999998,0.759,0.641,0.117,29,0.448,0.579,-0.131,29,0.248,0.07691089108910891
"Lindor, Francisco",0.196,0.229,-0.032,56,0.269,0.242,0.027,67,-0.059,0.65,0.573,0.077,40,0.645,0.705,-0.06,31,0.137,0.012731958762886603
"Lopez, Nicky",0.179,0.194,-0.016,28,0.179,0.21,-0.031,67,0.015,0.571,0.559,0.013,21,0.613,0.569,0.044,31,-0.031,-0.0012721088435374145
"Lowe, Brandon",0.279,0.265,0.014,43,0.129,0.249,-0.12,31,0.134,0.611,0.593,0.018,18,0.75,0.695,0.055,20,-0.037000000000000005,0.07598214285714286
"Lowe, Nathaniel",0.229,0.223,0.006,83,0.246,0.228,0.018,57,-0.011999999999999999,0.689,0.649,0.039,45,0.629,0.632,-0.003,35,0.042,0.007636363636363639
"Machado, Manny",0.255,0.219,0.036,51,0.433,0.284,0.149,60,-0.11299999999999999,0.593,0.611,-0.018,27,0.758,0.704,0.053,33,-0.071,-0.09826315789473684
"Madrigal, Nick",0.255,0.2,0.055,55,0.175,0.203,-0.028,40,0.083,0.389,0.556,-0.167,18,0.5,0.646,-0.146,16,-0.02100000000000002,0.055589147286821704
"Maldonado, Martín",0.176,0.238,-0.061,34,0.067,0.26,-0.193,30,0.132,0.636,0.647,-0.011,22,0.5,0.499,0.001,16,-0.012,0.0783529411764706
"Mancini, Trey",0.208,0.242,-0.034,53,0.377,0.256,0.121,53,-0.155,0.654,0.582,0.072,26,0.542,0.598,-0.056,48,0.128,-0.038655555555555554
"Margot, Manuel",0.327,0.242,0.086,55,0.342,0.261,0.081,38,0.0049999999999999906,0.522,0.606,-0.084,23,0.742,0.699,0.043,31,-0.127,-0.04348979591836735
"Marsh, Brandon",0.356,0.238,0.118,45,0.383,0.254,0.129,47,-0.01100000000000001,0.615,0.609,0.006,26,0.545,0.597,-0.051,22,0.056999999999999995,0.012314285714285708
"Marte, Ketel",0.253,0.228,0.025,79,0.27,0.268,0.002,63,0.023,0.718,0.644,0.074,39,0.633,0.558,0.075,30,-0.0010000000000000009,0.01515165876777251
"Marte, Starling",0.243,0.193,0.05,70,0.273,0.204,0.068,77,-0.018000000000000002,0.586,0.682,-0.096,29,0.7,0.626,0.074,30,-0.16999999999999998,-0.06153398058252427
"Martinez, J.D.",0.225,0.31,-0.085,40,0.349,0.259,0.089,43,-0.174,0.667,0.743,-0.077,30,0.756,0.678,0.079,41,-0.156,-0.16570129870129868
"Mateo, Jorge",0.25,0.227,0.023,56,0.189,0.215,-0.026,37,0.049,0.625,0.64,-0.015,24,0.528,0.583,-0.055,36,0.04,0.04547058823529412
"McCutchen, Andrew",0.26,0.237,0.023,50,0.265,0.229,0.037,49,-0.013999999999999999,0.677,0.656,0.021,31,0.52,0.683,-0.163,25,0.184,0.05753548387096774
"McMahon, Ryan",0.255,0.261,-0.006,55,0.217,0.231,-0.014,46,0.008,0.71,0.63,0.079,31,0.667,0.666,0.001,36,0.078,0.035916666666666666
"McNeil, Jeff",0.263,0.216,0.047,76,0.311,0.224,0.087,61,-0.039999999999999994,0.653,0.644,0.01,49,0.667,0.621,0.046,42,-0.036,-0.03840350877192982
"Mejía, Francisco",0.217,0.246,-0.029,23,0.222,0.275,-0.053,18,0.023999999999999997,0.625,0.577,0.048,16,0.5,0.505,-0.005,16,0.053,0.036712328767123284
"Merrifield, Whit",0.255,0.184,0.071,51,0.254,0.23,0.024,63,0.04699999999999999,0.653,0.58,0.073,49,0.4,0.57,-0.17,40,0.243,0.13293103448275861
"Miller, Owen",0.295,0.227,0.069,44,0.279,0.263,0.016,43,0.053000000000000005,0.818,0.614,0.204,22,0.588,0.575,0.013,34,0.19099999999999998,0.10704195804195804
"Mountcastle, Ryan",0.254,0.243,0.011,67,0.195,0.264,-0.069,41,0.08,0.436,0.626,-0.19,39,0.684,0.698,-0.014,38,-0.176,-0.026551351351351345
"Moustakas, Mike",0.312,0.253,0.06,16,0.25,0.21,0.04,28,0.019999999999999997,0.688,0.546,0.142,16,0.706,0.585,0.121,17,0.02099999999999999,0.02042857142857142
"Mullins, Cedric",0.281,0.285,-0.005,57,0.27,0.249,0.021,63,-0.026000000000000002,0.806,0.663,0.143,31,0.562,0.618,-0.056,32,0.19899999999999998,0.05145901639344261
"Murphy, Sean",0.286,0.289,-0.003,49,0.213,0.22,-0.007,47,0.004,0.606,0.68,-0.074,33,0.6,0.596,0.004,30,-0.078,-0.02849056603773585
"Myers, Wil",0.171,0.221,-0.05,41,0.316,0.217,0.098,38,-0.14800000000000002,0.812,0.684,0.128,16,0.6,0.639,-0.039,20,0.167,-0.04939130434782609
"Naylor, Josh",0.207,0.277,-0.07,58,0.195,0.205,-0.01,41,-0.060000000000000005,0.552,0.655,-0.103,29,0.75,0.702,0.048,20,-0.151,-0.0901283783783784
"Nimmo, Brandon",0.333,0.239,0.094,84,0.343,0.229,0.114,70,-0.020000000000000004,0.583,0.652,-0.069,48,0.517,0.569,-0.051,29,-0.01800000000000001,-0.019333333333333338
"Odor, Rougned",0.211,0.232,-0.021,19,0.27,0.229,0.041,37,-0.062,0.45,0.542,-0.092,20,0.737,0.616,0.121,19,-0.213,-0.12398947368421051
"Ohtani, Shohei",0.284,0.245,0.039,74,0.203,0.205,-0.002,59,0.041,0.655,0.627,0.028,29,0.562,0.589,-0.026,32,0.054,0.04508762886597938
"Olson, Matt",0.255,0.253,0.003,47,0.156,0.269,-0.113,64,0.116,0.643,0.624,0.019,28,0.833,0.735,0.099,30,-0.08,0.0487337278106509
"Ozuna, Marcell",0.156,0.218,-0.063,45,0.2,0.251,-0.051,55,-0.012000000000000004,0.812,0.708,0.104,16,0.704,0.671,0.032,27,0.072,0.013258741258741255
"Peralta, David",0.268,0.266,0.002,56,0.229,0.219,0.009,35,-0.006999999999999999,0.455,0.668,-0.213,22,0.607,0.633,-0.026,28,-0.187,-0.07082978723404255
"Perdomo, Geraldo",0.286,0.18,0.106,42,0.2,0.203,-0.003,35,0.109,0.769,0.611,0.158,26,0.615,0.626,-0.01,26,0.168,0.13278294573643412
"Perez, Salvador",0.294,0.261,0.033,51,0.195,0.275,-0.08,41,0.113,0.59,0.645,-0.055,39,0.579,0.564,0.015,19,-0.07,0.04224
"Peterson, Jace",0.25,0.205,0.045,44,0.176,0.223,-0.047,34,0.092,0.625,0.667,-0.042,16,0.526,0.549,-0.023,19,-0.019000000000000003,0.05761946902654867
"Peña, Jeremy",0.203,0.211,-0.008,69,0.255,0.207,0.049,47,-0.057,0.585,0.537,0.049,41,0.677,0.607,0.071,31,-0.021999999999999992,-0.04359574468085106
"Pham, Tommy",0.206,0.22,-0.014,34,0.277,0.257,0.02,47,-0.034,0.5,0.607,-0.107,22,0.607,0.61,-0.002,28,-0.105,-0.06109923664122138
"Polanco, Jorge",0.304,0.252,0.052,23,0.179,0.275,-0.096,39,0.148,0.579,0.646,-0.067,19,0.667,0.69,-0.023,36,-0.044000000000000004,0.05774358974358974
"Profar, Jurickson",0.197,0.215,-0.018,61,0.203,0.22,-0.016,64,-0.0019999999999999983,0.545,0.614,-0.068,44,0.553,0.57,-0.018,38,-0.05,-0.021014492753623187
"Ramírez, Harold",0.328,0.234,0.094,61,0.264,0.239,0.025,53,0.069,0.586,0.634,-0.048,29,0.462,0.689,-0.228,26,0.18,0.10512426035502959
"Ramírez, José",0.161,0.25,-0.09,56,0.244,0.221,0.023,45,-0.11299999999999999,0.707,0.672,0.036,41,0.667,0.617,0.05,42,-0.014000000000000005,-0.06834239130434783
"Realmuto, J.T.",0.235,0.22,0.016,51,0.412,0.306,0.105,51,-0.089,0.793,0.664,0.129,29,0.407,0.531,-0.124,27,0.253,0.03221518987341772
"Rendon, Anthony",0.241,0.24,0.002,29,0.195,0.273,-0.078,41,0.08,0.621,0.647,-0.027,29,0.636,0.544,0.093,33,-0.12,-0.013939393939393946
"Renfroe, Hunter",0.304,0.297,0.007,69,0.341,0.246,0.095,41,-0.088,0.529,0.59,-0.061,34,0.682,0.572,0.11,22,-0.17099999999999999,-0.11599999999999999
"Reynolds, Bryan",0.262,0.299,-0.037,65,0.115,0.213,-0.098,61,0.061000000000000006,0.622,0.653,-0.031,37,0.586,0.596,-0.01,29,-0.020999999999999998,0.03281250000000001
"Riley, Austin",0.299,0.263,0.036,67,0.268,0.245,0.023,56,0.012999999999999998,0.684,0.678,0.006,38,0.621,0.677,-0.056,29,0.062,0.03027894736842105
"Rivera, Emmanuel",0.44,0.236,0.204,25,0.107,0.236,-0.129,28,0.33299999999999996,0.542,0.659,-0.117,24,0.6,0.573,0.027,15,-0.14400000000000002,0.1307934782608695
"Rizzo, Anthony",0.25,0.235,0.015,44,0.133,0.226,-0.093,45,0.108,0.739,0.651,0.088,46,0.571,0.627,-0.056,28,0.144,0.12434355828220858
"Robert Jr., Luis",0.255,0.252,0.003,51,0.246,0.243,0.002,57,0.001,0.722,0.631,0.091,36,0.581,0.63,-0.049,31,0.14,0.05421714285714286
"Robles, Victor",0.286,0.252,0.034,42,0.292,0.201,0.09,48,-0.055999999999999994,0.75,0.741,0.009,16,0.591,0.529,0.062,22,-0.053,-0.05510937499999999
"Rodríguez, Julio",0.215,0.24,-0.025,65,0.387,0.238,0.149,62,-0.174,0.643,0.7,-0.057,42,0.63,0.654,-0.024,27,-0.033,-0.12436224489795918
"Rojas, Josh",0.224,0.227,-0.003,49,0.312,0.228,0.084,16,-0.08700000000000001,0.6,0.576,0.024,35,0.562,0.597,-0.034,16,0.058,-0.02325
"Rojas, Miguel",0.136,0.257,-0.12,44,0.214,0.219,-0.005,56,-0.11499999999999999,0.571,0.558,0.014,28,0.462,0.557,-0.096,26,0.11,-0.0361038961038961
"Rosario, Amed",0.27,0.255,0.015,74,0.26,0.221,0.039,73,-0.024,0.564,0.648,-0.084,39,0.533,0.647,-0.114,30,0.03,-0.0067500000000000025
"Ruiz, Keibert",0.159,0.235,-0.076,63,0.102,0.227,-0.125,49,0.049,0.537,0.624,-0.088,41,0.69,0.636,0.055,42,-0.143,-0.03272307692307692
"Santana, Carlos",0.121,0.215,-0.094,58,0.125,0.215,-0.09,40,-0.0040000000000000036,0.667,0.633,0.034,39,0.364,0.576,-0.212,22,0.246,0.0919119496855346
"Santander, Anthony",0.444,0.302,0.143,45,0.178,0.258,-0.08,45,0.22299999999999998,0.594,0.661,-0.067,32,0.667,0.628,0.038,27,-0.10500000000000001,0.0931208053691275
"Schoop, Jonathan",0.2,0.23,-0.03,25,0.185,0.245,-0.06,65,0.03,0.6,0.668,-0.068,20,0.4,0.565,-0.165,35,0.097,0.055413793103448274
"Schwarber, Kyle",0.146,0.234,-0.088,41,0.167,0.229,-0.062,42,-0.025999999999999995,0.593,0.647,-0.054,27,0.706,0.701,0.005,17,-0.059,-0.03743307086614173
"Seager, Corey",0.25,0.263,-0.013,32,0.137,0.236,-0.099,51,0.08600000000000001,0.609,0.653,-0.044,23,0.605,0.626,-0.021,38,-0.022999999999999996,0.03982638888888889
"Segura, Jean",0.212,0.2,0.013,80,0.27,0.251,0.019,74,-0.006,0.429,0.647,-0.218,28,0.643,0.66,-0.017,28,-0.201,-0.058
"Semien, Marcus",0.274,0.243,0.031,73,0.226,0.214,0.012,62,0.019,0.69,0.534,0.157,42,0.516,0.544,-0.028,31,0.185,0.07725961538461538
"Senzel, Nick",0.286,0.262,0.024,42,0.12,0.192,-0.072,25,0.096,0.677,0.692,-0.014,31,0.526,0.622,-0.095,19,0.081,0.08958974358974359
"Sheets, Gavin",0.333,0.225,0.108,36,0.324,0.188,0.135,34,-0.02700000000000001,0.571,0.583,-0.011,21,0.455,0.553,-0.098,22,0.08700000000000001,0.016380530973451324
"Smith, Pavin",0.25,0.251,-0.001,36,0.271,0.248,0.023,48,-0.024,0.476,0.532,-0.056,21,0.6,0.513,0.087,15,-0.143,-0.05969999999999999
"Smith, Will",0.3,0.242,0.058,50,0.188,0.252,-0.065,32,0.123,0.556,0.605,-0.05,27,0.6,0.57,0.03,30,-0.08,0.03975539568345323
"Soler, Jorge",0.167,0.232,-0.065,48,0.157,0.261,-0.104,51,0.03899999999999999,0.733,0.691,0.042,30,0.714,0.709,0.006,21,0.036000000000000004,0.03798
"Soto, Juan",0.25,0.259,-0.009,72,0.167,0.231,-0.064,72,0.055,0.864,0.739,0.125,22,0.577,0.645,-0.068,26,0.193,0.0895
"Springer, George",0.259,0.225,0.035,81,0.196,0.225,-0.03,46,0.065,0.618,0.703,-0.085,34,0.706,0.619,0.087,34,-0.172,-0.01764615384615384
"Stephenson, Tyler",0.211,0.242,-0.032,57,0.324,0.22,0.103,34,-0.135,0.692,0.624,0.068,39,0.654,0.625,0.028,26,0.04000000000000001,-0.062083333333333345
"Straw, Myles",0.261,0.222,0.039,69,0.239,0.213,0.026,67,0.013000000000000001,0.656,0.602,0.054,32,0.5,0.518,-0.018,36,0.072,0.03266666666666666
"Suwinski, Jack",0.28,0.227,0.053,25,0.111,0.198,-0.087,27,0.13999999999999999,0.778,0.613,0.165,18,0.533,0.582,-0.049,15,0.21400000000000002,0.1687294117647059
"Suzuki, Seiya",0.326,0.284,0.041,43,0.29,0.264,0.027,31,0.014000000000000002,0.645,0.62,0.025,31,0.609,0.57,0.039,23,-0.013999999999999999,0.002187500000000003
"Suárez, Eugenio",0.259,0.275,-0.016,54,0.25,0.226,0.024,40,-0.04,0.636,0.555,0.081,33,0.684,0.607,0.077,19,0.0040000000000000036,-0.02432876712328767
"Swanson, Dansby",0.279,0.211,0.069,68,0.364,0.277,0.087,44,-0.017999999999999988,0.7,0.666,0.034,40,0.613,0.632,-0.02,31,0.054000000000000006,0.009934426229508204
"Sánchez, Jesús",0.15,0.246,-0.096,20,0.22,0.237,-0.017,50,-0.079,0.824,0.648,0.175,17,0.722,0.728,-0.005,18,0.18,0.007333333333333331
"Taylor, Chris",0.05,0.224,-0.174,20,0.371,0.264,0.107,35,-0.28099999999999997,0.765,0.685,0.079,17,0.63,0.559,0.071,27,0.008000000000000007,-0.15255555555555553
"Taylor, Michael A.",0.3,0.213,0.087,40,0.346,0.213,0.133,26,-0.04600000000000001,0.588,0.681,-0.093,17,0.625,0.62,0.005,16,-0.098,-0.06333333333333334
"Tellez, Rowdy",0.143,0.229,-0.086,49,0.174,0.234,-0.06,46,-0.025999999999999995,0.769,0.709,0.061,26,0.591,0.64,-0.049,22,0.11,0.019650349650349657
"Thomas, Lane",0.25,0.214,0.036,72,0.206,0.201,0.005,34,0.030999999999999996,0.846,0.677,0.169,39,0.55,0.579,-0.029,20,0.198,0.09071515151515151
"Torkelson, Spencer",0.125,0.214,-0.089,48,0.189,0.253,-0.064,37,-0.024999999999999994,0.646,0.654,-0.009,48,0.619,0.594,0.025,21,-0.034,-0.02903246753246753
"Torres, Gleyber",0.257,0.227,0.03,70,0.14,0.266,-0.127,43,0.157,0.659,0.676,-0.017,44,0.625,0.584,0.041,32,-0.058,0.07054497354497355
"Trout, Mike",0.304,0.315,-0.011,46,0.448,0.287,0.161,29,-0.17200000000000001,0.59,0.613,-0.023,39,0.696,0.682,0.014,23,-0.037,-0.11090510948905109
"Tucker, Kyle",0.254,0.259,-0.005,67,0.216,0.31,-0.094,37,0.089,0.444,0.642,-0.197,36,0.517,0.612,-0.095,29,-0.10200000000000001,0.015538461538461536
"Turner, Justin",0.224,0.225,-0.001,58,0.196,0.267,-0.071,51,0.06999999999999999,0.619,0.63,-0.011,42,0.593,0.625,-0.032,27,0.021,0.05100561797752809
"Turner, Trea",0.288,0.252,0.036,66,0.296,0.236,0.059,71,-0.023,0.743,0.683,0.06,35,0.675,0.662,0.013,40,0.047,0.0017641509433962265
"Urshela, Gio",0.35,0.23,0.12,80,0.293,0.227,0.066,58,0.05399999999999999,0.564,0.576,-0.012,39,0.455,0.543,-0.089,33,0.077,0.06188571428571428
"Urías, Ramón",0.225,0.228,-0.003,40,0.236,0.238,-0.001,55,-0.002,0.85,0.702,0.148,20,0.531,0.676,-0.145,32,0.293,0.10235374149659864
"Varsho, Daulton",0.224,0.228,-0.004,58,0.295,0.214,0.081,44,-0.085,0.561,0.642,-0.081,41,0.63,0.571,0.058,27,-0.139,-0.10660000000000001
"Vaughn, Andrew",0.243,0.261,-0.018,74,0.238,0.216,0.022,42,-0.039999999999999994,0.711,0.618,0.092,38,0.611,0.615,-0.003,18,0.095,0.0039534883720930315
"Verdugo, Alex",0.222,0.24,-0.018,72,0.154,0.236,-0.082,78,0.064,0.638,0.648,-0.01,47,0.645,0.572,0.073,31,-0.08299999999999999,0.013710526315789482
"Vázquez, Christian",0.233,0.239,-0.006,30,0.179,0.274,-0.095,39,0.089,0.531,0.599,-0.068,32,0.767,0.65,0.117,30,-0.185,-0.0406793893129771
"Walker, Christian",0.233,0.233,0.0,60,0.176,0.248,-0.071,51,0.071,0.568,0.643,-0.076,37,0.375,0.643,-0.268,24,0.192,0.11391279069767442
"Walls, Taylor",0.167,0.235,-0.068,30,0.121,0.209,-0.088,33,0.01999999999999999,0.762,0.688,0.074,21,0.556,0.574,-0.018,18,0.092,0.04752941176470587
"Ward, Taylor",0.25,0.226,0.024,64,0.387,0.227,0.16,31,-0.136,0.778,0.747,0.031,27,0.708,0.634,0.075,24,-0.044,-0.10386301369863016
"Winker, Jesse",0.258,0.194,0.064,31,0.208,0.242,-0.034,53,0.098,0.56,0.562,-0.002,25,0.529,0.729,-0.2,34,0.198,0.13925874125874127
"Wisdom, Patrick",0.192,0.266,-0.074,26,0.25,0.238,0.012,32,-0.086,0.591,0.636,-0.045,22,0.75,0.683,0.067,20,-0.112,-0.09691999999999999
"Witt Jr., Bobby",0.31,0.225,0.085,58,0.218,0.249,-0.031,55,0.116,0.455,0.592,-0.137,44,0.792,0.652,0.139,24,-0.276,-0.031270718232044206
"Yastrzemski, Mike",0.257,0.255,0.002,35,0.317,0.28,0.038,41,-0.036,0.72,0.614,0.106,25,0.586,0.599,-0.013,29,0.119,0.028384615384615383
"Yelich, Christian",0.213,0.258,-0.045,75,0.239,0.264,-0.024,71,-0.020999999999999998,0.676,0.658,0.018,34,0.64,0.649,-0.009,25,0.026999999999999996,-0.007185365853658536
